Image Name,Resolution,Algorithm,Target Colors,Original Colors,Final Colors,Time Taken (ms)
tank,"(512, 512)",Octree-Baseline,8,138,8,5.862701000296511
baboon,"(512, 512)",Octree-Baseline,8,230427,8,2.298230000633339
city,"(1920, 1080)",Octree-Baseline,8,219560,8,20.774233999873104
woman,"(256, 256)",Octree-Baseline,8,32519,8,0.7421289992635138
sunset,"(1920, 1080)",Octree-Baseline,8,131569,8,21.340973999940616
house,"(768, 512)",Octree-Baseline,8,42351,7,3.9172799997686525
night,"(1920, 1080)",Octree-Baseline,8,27186,7,18.97362400086422
